[
{
  "model": "auth.user",
  "pk": 1,
  "fields": {
    "password": "pbkdf2_sha256$600000$gQqODUDOal3KpPxXBLtxcw$bakFnFoJceEY7TEs0cV0NRnM/c9mvMQXE+AZ/c5Yxho=",
    "last_login": "2026-05-27T19:29:10.651Z",
    "is_superuser": true,
    "username": "admin",
    "first_name": "",
    "last_name": "",
    "email": "admin@example.com",
    "is_staff": true,
    "is_active": true,
    "date_joined": "2026-05-20T06:04:59.483Z",
    "groups": [],
    "user_permissions": []
  }
},
{
  "model": "auth.user",
  "pk": 2,
  "fields": {
    "password": "pbkdf2_sha256$600000$OrWubcbWmmpDzlbkOlv6Jf$jb050mYdYq1sVIc4MJJr5595jkBcZhNtZVZ0G/rsQCI=",
    "last_login": "2026-05-27T19:28:08.402Z",
    "is_superuser": false,
    "username": "testuser123",
    "first_name": "",
    "last_name": "",
    "email": "",
    "is_staff": false,
    "is_active": true,
    "date_joined": "2026-05-27T19:27:24.278Z",
    "groups": [],
    "user_permissions": []
  }
},
{
  "model": "auth.user",
  "pk": 3,
  "fields": {
    "password": "pbkdf2_sha256$600000$455mbumrDnma6TgYODaXDv$ENlZmCjjezs2pxlLvMhXXK+eTuxMTPib43SHH1sYxOA=",
    "last_login": null,
    "is_superuser": false,
    "username": "testuser2026",
    "first_name": "",
    "last_name": "",
    "email": "test2026@example.com",
    "is_staff": false,
    "is_active": true,
    "date_joined": "2026-05-28T10:58:45.575Z",
    "groups": [],
    "user_permissions": []
  }
},
{
  "model": "bookings.client",
  "pk": 1,
  "fields": {
    "first_name": "Иван",
    "last_name": "Иванов",
    "patronymic": "Иванович",
    "birth_date": "2000-01-01",
    "phone": "+375 (29) 111-11-11",
    "email": "ivan@mail.ru",
    "created_at_utc": "2026-05-21T16:00:06.578Z",
    "created_at_local": null,
    "has_child": false
  }
},
{
  "model": "bookings.client",
  "pk": 2,
  "fields": {
    "first_name": "Анна",
    "last_name": "Петрова",
    "patronymic": "Петровна",
    "birth_date": "1995-03-15",
    "phone": "+375 (29) 222-22-22",
    "email": "anna@mail.ru",
    "created_at_utc": "2026-05-21T16:00:47.332Z",
    "created_at_local": null,
    "has_child": false
  }
},
{
  "model": "bookings.client",
  "pk": 3,
  "fields": {
    "first_name": "Петр",
    "last_name": "Сидоров",
    "patronymic": "Петрович",
    "birth_date": "1998-07-20",
    "phone": "+375 (29) 333-33-33",
    "email": "petr@mail.ru",
    "created_at_utc": "2026-05-21T16:01:17.451Z",
    "created_at_local": null,
    "has_child": false
  }
},
{
  "model": "bookings.client",
  "pk": 4,
  "fields": {
    "first_name": "Мария",
    "last_name": "Козлова",
    "patronymic": "Петровна",
    "birth_date": "1992-10-10",
    "phone": "+375 (29) 444-44-44",
    "email": "alex@mail.ru",
    "created_at_utc": "2026-05-21T16:01:55.277Z",
    "created_at_local": null,
    "has_child": false
  }
},
{
  "model": "bookings.client",
  "pk": 5,
  "fields": {
    "first_name": "Алексей",
    "last_name": "Смирнов",
    "patronymic": "Алексеевич",
    "birth_date": "1990-05-05",
    "phone": "+375 (29) 555-55-55",
    "email": "alex@mail.ru",
    "created_at_utc": "2026-05-21T16:02:45.217Z",
    "created_at_local": null,
    "has_child": false
  }
},
{
  "model": "bookings.client",
  "pk": 6,
  "fields": {
    "first_name": "Артем",
    "last_name": "Иванов",
    "patronymic": "Артемович",
    "birth_date": "1999-02-06",
    "phone": "+375 (29) 123-21-12",
    "email": "artem@gmail.com",
    "created_at_utc": "2026-05-27T19:44:51.525Z",
    "created_at_local": "2026-05-27T19:44:03Z",
    "has_child": false
  }
},
{
  "model": "bookings.client",
  "pk": 7,
  "fields": {
    "first_name": "Анна",
    "last_name": "Смирнова",
    "patronymic": "Алексеевна",
    "birth_date": "2003-09-08",
    "phone": "+375 (29) 543-96-32",
    "email": "anna@gmail.com",
    "created_at_utc": "2026-05-27T19:46:10.778Z",
    "created_at_local": "2026-05-27T19:46:09Z",
    "has_child": false
  }
},
{
  "model": "bookings.client",
  "pk": 8,
  "fields": {
    "first_name": "Козлов",
    "last_name": "Алексей",
    "patronymic": "Александрович",
    "birth_date": "2000-10-12",
    "phone": "+375 (29) 666-33-22",
    "email": "alex@gmail.com",
    "created_at_utc": "2026-05-27T19:47:36.608Z",
    "created_at_local": "2026-05-27T19:47:33Z",
    "has_child": false
  }
},
{
  "model": "bookings.client",
  "pk": 9,
  "fields": {
    "first_name": "Александра",
    "last_name": "Иванова",
    "patronymic": "Алексеевна",
    "birth_date": "1988-12-12",
    "phone": "+375 (29) 549-86-99",
    "email": "alex12@gmail.com",
    "created_at_utc": "2026-05-27T19:49:09.343Z",
    "created_at_local": "2026-05-27T19:49:08Z",
    "has_child": false
  }
},
{
  "model": "bookings.client",
  "pk": 10,
  "fields": {
    "first_name": "Иван",
    "last_name": "Сидоров",
    "patronymic": "Иванович",
    "birth_date": "2002-11-09",
    "phone": "+375 (29) 777-44-88",
    "email": "ivan02@gmail.com",
    "created_at_utc": "2026-05-27T19:50:24.399Z",
    "created_at_local": "2026-05-27T19:50:22Z",
    "has_child": false
  }
},
{
  "model": "bookings.roomcategory",
  "pk": 1,
  "fields": {
    "name": "Эконом",
    "comfort_level": "economy",
    "capacity": 1,
    "base_price": "50.00",
    "description": ""
  }
},
{
  "model": "bookings.roomcategory",
  "pk": 2,
  "fields": {
    "name": "Стандарт",
    "comfort_level": "standard",
    "capacity": 2,
    "base_price": "100.00",
    "description": ""
  }
},
{
  "model": "bookings.roomcategory",
  "pk": 3,
  "fields": {
    "name": "Полулюкс",
    "comfort_level": "superior",
    "capacity": 3,
    "base_price": "180.00",
    "description": ""
  }
},
{
  "model": "bookings.roomcategory",
  "pk": 4,
  "fields": {
    "name": "Люкс",
    "comfort_level": "lux",
    "capacity": 4,
    "base_price": "300.00",
    "description": ""
  }
},
{
  "model": "bookings.room",
  "pk": 1,
  "fields": {
    "room_number": "101",
    "category": 1,
    "floor": 1,
    "has_window": true,
    "photo": "",
    "is_active": true
  }
},
{
  "model": "bookings.room",
  "pk": 2,
  "fields": {
    "room_number": "102",
    "category": 1,
    "floor": 1,
    "has_window": true,
    "photo": "",
    "is_active": true
  }
},
{
  "model": "bookings.room",
  "pk": 3,
  "fields": {
    "room_number": "201",
    "category": 2,
    "floor": 2,
    "has_window": true,
    "photo": "",
    "is_active": true
  }
},
{
  "model": "bookings.room",
  "pk": 4,
  "fields": {
    "room_number": "202",
    "category": 2,
    "floor": 2,
    "has_window": true,
    "photo": "",
    "is_active": true
  }
},
{
  "model": "bookings.room",
  "pk": 5,
  "fields": {
    "room_number": "203",
    "category": 2,
    "floor": 2,
    "has_window": true,
    "photo": "",
    "is_active": true
  }
},
{
  "model": "bookings.room",
  "pk": 6,
  "fields": {
    "room_number": "301",
    "category": 3,
    "floor": 3,
    "has_window": true,
    "photo": "",
    "is_active": true
  }
},
{
  "model": "bookings.room",
  "pk": 7,
  "fields": {
    "room_number": "302",
    "category": 3,
    "floor": 3,
    "has_window": true,
    "photo": "",
    "is_active": true
  }
},
{
  "model": "bookings.room",
  "pk": 8,
  "fields": {
    "room_number": "401",
    "category": 4,
    "floor": 4,
    "has_window": true,
    "photo": "",
    "is_active": true
  }
},
{
  "model": "bookings.room",
  "pk": 9,
  "fields": {
    "room_number": "402",
    "category": 4,
    "floor": 4,
    "has_window": true,
    "photo": "",
    "is_active": true
  }
},
{
  "model": "bookings.room",
  "pk": 10,
  "fields": {
    "room_number": "403",
    "category": 4,
    "floor": 4,
    "has_window": true,
    "photo": "",
    "is_active": true
  }
},
{
  "model": "bookings.booking",
  "pk": 1,
  "fields": {
    "client": 1,
    "room": 1,
    "check_in_date": "2026-06-01",
    "check_out_date": "2026-06-05",
    "total_price": "200.00",
    "created_at_utc": "2026-05-21T16:03:32.650Z"
  }
},
{
  "model": "bookings.booking",
  "pk": 2,
  "fields": {
    "client": 2,
    "room": 3,
    "check_in_date": "2026-06-10",
    "check_out_date": "2026-06-15",
    "total_price": "500.00",
    "created_at_utc": "2026-05-21T16:04:04.927Z"
  }
},
{
  "model": "bookings.booking",
  "pk": 3,
  "fields": {
    "client": 3,
    "room": 6,
    "check_in_date": "2026-06-20",
    "check_out_date": "2026-06-25",
    "total_price": "900.00",
    "created_at_utc": "2026-05-21T16:04:28.395Z"
  }
},
{
  "model": "bookings.booking",
  "pk": 4,
  "fields": {
    "client": 4,
    "room": 8,
    "check_in_date": "2026-07-01",
    "check_out_date": "2026-07-07",
    "total_price": "1800.00",
    "created_at_utc": "2026-05-21T16:04:51.645Z"
  }
},
{
  "model": "bookings.booking",
  "pk": 5,
  "fields": {
    "client": 1,
    "room": 7,
    "check_in_date": "2026-07-05",
    "check_out_date": "2026-07-10",
    "total_price": "900.00",
    "created_at_utc": "2026-05-21T16:05:12.160Z"
  }
},
{
  "model": "bookings.booking",
  "pk": 6,
  "fields": {
    "client": 1,
    "room": 7,
    "check_in_date": "2026-07-15",
    "check_out_date": "2026-07-20",
    "total_price": "900.00",
    "created_at_utc": "2026-05-21T16:05:31.877Z"
  }
},
{
  "model": "bookings.booking",
  "pk": 7,
  "fields": {
    "client": 2,
    "room": 9,
    "check_in_date": "2026-08-01",
    "check_out_date": "2026-08-05",
    "total_price": "1200.00",
    "created_at_utc": "2026-05-21T16:05:53.410Z"
  }
},
{
  "model": "bookings.booking",
  "pk": 8,
  "fields": {
    "client": 5,
    "room": 2,
    "check_in_date": "2026-08-10",
    "check_out_date": "2026-08-15",
    "total_price": "250.00",
    "created_at_utc": "2026-05-21T16:06:19.260Z"
  }
},
{
  "model": "bookings.booking",
  "pk": 9,
  "fields": {
    "client": 4,
    "room": 5,
    "check_in_date": "2026-08-20",
    "check_out_date": "2026-08-25",
    "total_price": "500.00",
    "created_at_utc": "2026-05-21T16:06:46.783Z"
  }
},
{
  "model": "bookings.booking",
  "pk": 10,
  "fields": {
    "client": 5,
    "room": 8,
    "check_in_date": "2026-09-01",
    "check_out_date": "2026-09-07",
    "total_price": "1800.00",
    "created_at_utc": "2026-05-21T16:07:05.033Z"
  }
},
{
  "model": "bookings.booking",
  "pk": 11,
  "fields": {
    "client": 1,
    "room": 9,
    "check_in_date": "2026-05-30",
    "check_out_date": "2026-05-31",
    "total_price": "300.00",
    "created_at_utc": "2026-05-21T17:06:05.020Z"
  }
},
{
  "model": "bookings.payment",
  "pk": 1,
  "fields": {
    "booking": 1,
    "amount": "200.00",
    "payment_date": "2026-05-21T16:07:37.531Z",
    "method": "card"
  }
},
{
  "model": "bookings.payment",
  "pk": 2,
  "fields": {
    "booking": 2,
    "amount": "500.00",
    "payment_date": "2026-05-21T16:07:51.814Z",
    "method": "online"
  }
},
{
  "model": "bookings.payment",
  "pk": 3,
  "fields": {
    "booking": 3,
    "amount": "900.00",
    "payment_date": "2026-05-21T16:08:06.564Z",
    "method": "cash"
  }
},
{
  "model": "bookings.payment",
  "pk": 4,
  "fields": {
    "booking": 4,
    "amount": "1800.00",
    "payment_date": "2026-05-21T16:08:22.170Z",
    "method": "card"
  }
},
{
  "model": "bookings.payment",
  "pk": 5,
  "fields": {
    "booking": 5,
    "amount": "500.00",
    "payment_date": "2026-05-21T16:08:35.748Z",
    "method": "online"
  }
},
{
  "model": "bookings.news",
  "pk": 1,
  "fields": {
    "title": "Открытие летнего сезона",
    "short_content": "Скидки на номера до 30% для всех гостей",
    "full_content": "В нашей гостинице стартовала летняя акция. При бронировании от 5 ночей скидка 30%. Успейте забронировать лучшие номера.",
    "image": "",
    "created_at_utc": "2026-05-21T16:53:49Z",
    "is_published": true
  }
},
{
  "model": "bookings.news",
  "pk": 2,
  "fields": {
    "title": "Новые люкс-номера",
    "short_content": "Открыли 5 новых номеров класса люкс",
    "full_content": "Мы рады сообщить об открытии новых просторных номеров с видом на город. В номерах: джакузи, панорамные окна, отдельная гостиная.",
    "image": "",
    "created_at_utc": "2026-05-21T16:54:27Z",
    "is_published": true
  }
},
{
  "model": "bookings.news",
  "pk": 3,
  "fields": {
    "title": "Акция для семей",
    "short_content": "Детям до 12 лет бесплатно",
    "full_content": "При размещении с родителями дети до 12 лет проживают бесплатно. За朝т: завтрак для ребенка оплачивается отдельно.",
    "image": "",
    "created_at_utc": "2026-05-21T16:54:51Z",
    "is_published": true
  }
},
{
  "model": "bookings.news",
  "pk": 4,
  "fields": {
    "title": "Вид с номера",
    "short_content": "вид",
    "full_content": "Вид с номера",
    "image": "news/jonny_joka-greece-6773682_1920.jpg",
    "created_at_utc": "2026-05-24T17:30:27Z",
    "is_published": true
  }
},
{
  "model": "bookings.employee",
  "pk": 1,
  "fields": {
    "first_name": "Артем",
    "last_name": "Иванов",
    "position": "reception",
    "phone": "+375 (29) 111-11-11",
    "email": "artem@hotel.by",
    "photo": "employees/image_2026-05-27_21-55-41.png",
    "work_description": "Встреча гостей, заселение, решение вопросов",
    "birth_date": "1990-01-01"
  }
},
{
  "model": "bookings.employee",
  "pk": 2,
  "fields": {
    "first_name": "Сергей",
    "last_name": "Петров",
    "position": "manager",
    "phone": "+375 (29) 222-22-22",
    "email": "sergey@hotel.by",
    "photo": "employees/image_2026-05-27_21-57-30.png",
    "work_description": "Работа с бронями, клиентами",
    "birth_date": "1985-05-15"
  }
},
{
  "model": "bookings.employee",
  "pk": 3,
  "fields": {
    "first_name": "Анна",
    "last_name": "Сидорова",
    "position": "housekeeping",
    "phone": "+375 (29) 333-33-33",
    "email": "anna@hotel.by",
    "photo": "employees/image_2026-05-27_22-01-31.png",
    "work_description": "Уборка номеров",
    "birth_date": "1995-10-20"
  }
},
{
  "model": "bookings.vacancy",
  "pk": 1,
  "fields": {
    "title": "Администратор",
    "description": "Встреча гостей, работа с бронями",
    "salary_min": "2000.00",
    "salary_max": "3000.00",
    "is_active": true,
    "created_at_utc": "2026-05-27T19:02:45Z"
  }
},
{
  "model": "bookings.vacancy",
  "pk": 2,
  "fields": {
    "title": "Горничная",
    "description": "Уборка номеров, смена белья",
    "salary_min": "1000.00",
    "salary_max": "2000.00",
    "is_active": true,
    "created_at_utc": "2026-05-27T19:03:34Z"
  }
},
{
  "model": "bookings.vacancy",
  "pk": 3,
  "fields": {
    "title": "Менеджер по бронированию",
    "description": "Работа с клиентами, приём звонков",
    "salary_min": "1500.00",
    "salary_max": "2500.00",
    "is_active": true,
    "created_at_utc": "2026-05-27T19:03:48Z"
  }
},
{
  "model": "bookings.review",
  "pk": 1,
  "fields": {
    "user": null,
    "user_name": "Павел ",
    "rating": 4,
    "text": "хорошо",
    "created_at_utc": "2026-05-21T17:20:44.679Z",
    "is_moderated": true
  }
},
{
  "model": "bookings.review",
  "pk": 3,
  "fields": {
    "user": null,
    "user_name": "Я",
    "rating": 5,
    "text": "нормально ",
    "created_at_utc": "2026-05-21T17:27:08.366Z",
    "is_moderated": false
  }
},
{
  "model": "bookings.review",
  "pk": 4,
  "fields": {
    "user": null,
    "user_name": "ты",
    "rating": 3,
    "text": "норм",
    "created_at_utc": "2026-05-21T17:28:45.831Z",
    "is_moderated": true
  }
},
{
  "model": "bookings.promocode",
  "pk": 1,
  "fields": {
    "code": "SUMMER10",
    "discount_percent": 10,
    "description": "Летняя скидка 10%",
    "valid_from": "2026-06-01",
    "valid_to": "2026-08-31",
    "is_active": true,
    "created_at_utc": "2026-05-27T19:04:11Z"
  }
},
{
  "model": "bookings.promocode",
  "pk": 2,
  "fields": {
    "code": "WELCOME5",
    "discount_percent": 5,
    "description": "Скидка для новых гостей",
    "valid_from": "2026-01-01",
    "valid_to": "2026-12-31",
    "is_active": true,
    "created_at_utc": "2026-05-27T19:04:51Z"
  }
},
{
  "model": "bookings.promocode",
  "pk": 3,
  "fields": {
    "code": "AUTUMN15",
    "discount_percent": 15,
    "description": "Осенняя акция",
    "valid_from": "2026-09-01",
    "valid_to": "2026-11-30",
    "is_active": true,
    "created_at_utc": "2026-05-27T19:05:25Z"
  }
},
{
  "model": "bookings.promocode",
  "pk": 4,
  "fields": {
    "code": "OLD2024",
    "discount_percent": 20,
    "description": "Архивная акция",
    "valid_from": "2024-01-01",
    "valid_to": "2024-12-31",
    "is_active": true,
    "created_at_utc": "2026-05-27T19:05:49Z"
  }
},
{
  "model": "bookings.dictionaryterm",
  "pk": 1,
  "fields": {
    "term": "Бронь",
    "definition": "Предварительное reservation номера в гостинице",
    "added_at_utc": "2026-05-21T17:01:04Z"
  }
},
{
  "model": "bookings.dictionaryterm",
  "pk": 2,
  "fields": {
    "term": "Люкс",
    "definition": "Номер повышенной комфортности с улучшенной планировкой",
    "added_at_utc": "2026-05-21T17:01:30Z"
  }
},
{
  "model": "bookings.dictionaryterm",
  "pk": 3,
  "fields": {
    "term": "Ранний заезд",
    "definition": "Возможность заселиться в номер до официального времени заезда (до 14:00)",
    "added_at_utc": "2026-05-21T17:01:42Z"
  }
},
{
  "model": "bookings.dictionaryterm",
  "pk": 4,
  "fields": {
    "term": "Поздний выезд",
    "definition": "Возможность освободить номер после официального времени выезда (после 12:00)",
    "added_at_utc": "2026-05-21T17:02:02Z"
  }
},
{
  "model": "bookings.dictionaryterm",
  "pk": 5,
  "fields": {
    "term": "Полупансион",
    "definition": "Питание в гостинице: завтрак + ужин",
    "added_at_utc": "2026-05-21T17:02:16Z"
  }
},
{
  "model": "bookings.companyinfo",
  "pk": 1,
  "fields": {
    "name": "Гостиница \"Уют\"",
    "founding_year": 2010,
    "legal_address": "г. Минск, ул. Победителей, 1",
    "inn": "123456789",
    "kpp": "987654321",
    "bank_account": "BY00 OLMP 1234 5678 9000 0000",
    "bank_name": "ОАО \"Беларусбанк\"",
    "bik": "AKBBBY2X",
    "history_text": "Наша гостиница открылась в 2010 году. За это время мы приняли более 10000 гостей."
  }
}
]
